{"stats":{"minecraft:mined":{"minecraft:iron_ore":6,"minecraft:crafting_table":1,"minecraft:torch":1,"minecraft:coal_ore":32,"minecraft:grass_block":2,"minecraft:jungle_log":17,"minecraft:dirt":2,"minecraft:stone":24,"minecraft:diorite":3,"minecraft:wall_torch":2},"minecraft:broken":{"minecraft:wooden_pickaxe":1},"minecraft:used":{"minecraft:diorite":3,"minecraft:stone_pickaxe":6,"minecraft:jungle_log":5,"minecraft:wooden_pickaxe":62,"minecraft:torch":24,"minecraft:dirt":4,"minecraft:cobblestone":4,"minecraft:crafting_table":2,"minecraft:furnace":1},"minecraft:picked_up":{"minecraft:crafting_table":1,"minecraft:cocoa_beans":6,"minecraft:stick":2,"minecraft:raw_iron":6,"minecraft:jungle_log":17,"minecraft:torch":3,"minecraft:diorite":3,"minecraft:dirt":4,"minecraft:coal":32,"minecraft:cobblestone":24},"minecraft:custom":{"minecraft:time_since_rest":17344,"minecraft:interact_with_furnace":1,"minecraft:sprint_one_cm":22682,"minecraft:damage_taken":20,"minecraft:walk_one_cm":20672,"minecraft:fly_one_cm":22332,"minecraft:interact_with_crafting_table":4,"minecraft:crouch_one_cm":599,"minecraft:play_time":17344,"minecraft:sneak_time":301,"minecraft:jump":149,"minecraft:leave_game":4,"minecraft:time_since_death":17344,"minecraft:climb_one_cm":246,"minecraft:total_world_time":17344,"minecraft:fall_one_cm":2183},"minecraft:crafted":{"minecraft:crafting_table":1,"minecraft:stick":12,"minecraft:wooden_pickaxe":1,"minecraft:stone_pickaxe":1,"minecraft:furnace":1,"minecraft:torch":32,"minecraft:stone_axe":1,"minecraft:jungle_planks":48}},"DataVersion":3953}