{"stats":{"minecraft:dropped":{"minecraft:stone_pickaxe":1},"minecraft:custom":{"minecraft:time_since_rest":36270,"minecraft:interact_with_furnace":14,"minecraft:sprint_one_cm":69280,"minecraft:damage_taken":450,"minecraft:walk_one_cm":58902,"minecraft:mob_kills":25,"minecraft:drop":1,"minecraft:damage_dealt":3141,"minecraft:interact_with_crafting_table":10,"minecraft:fly_one_cm":80175,"minecraft:walk_under_water_one_cm":260,"minecraft:crouch_one_cm":6921,"minecraft:play_time":36270,"minecraft:sneak_time":3629,"minecraft:jump":489,"minecraft:walk_on_water_one_cm":549,"minecraft:leave_game":5,"minecraft:time_since_death":36270,"minecraft:climb_one_cm":246,"minecraft:total_world_time":36270,"minecraft:fall_one_cm":10158},"minecraft:broken":{"minecraft:wooden_pickaxe":1},"minecraft:crafted":{"minecraft:shield":1,"minecraft:crafting_table":1,"minecraft:stick":20,"minecraft:cooked_chicken":5,"minecraft:iron_pickaxe":1,"minecraft:iron_ingot":6,"minecraft:wooden_pickaxe":1,"minecraft:stone_pickaxe":1,"minecraft:furnace":1,"minecraft:torch":56,"minecraft:stone_axe":1,"minecraft:cooked_mutton":12,"minecraft:air":0,"minecraft:jungle_planks":48},"minecraft:used":{"minecraft:cooked_mutton":7,"minecraft:diorite":3,"minecraft:stone_pickaxe":39,"minecraft:iron_pickaxe":59,"minecraft:jungle_log":5,"minecraft:wooden_pickaxe":62,"minecraft:stone_axe":43,"minecraft:torch":58,"minecraft:dirt":8,"minecraft:cobblestone":56,"minecraft:crafting_table":2,"minecraft:furnace":2,"minecraft:egg":4},"minecraft:killed":{"minecraft:sheep":8,"minecraft:zombie":8,"minecraft:chicken":5,"minecraft:spider":2,"minecraft:creeper":2},"minecraft:mined":{"minecraft:furnace":1,"minecraft:iron_ore":29,"minecraft:andesite":1,"minecraft:torch":1,"minecraft:crafting_table":2,"minecraft:grass_block":4,"minecraft:coal_ore":38,"minecraft:deepslate_iron_ore":2,"minecraft:jungle_log":17,"minecraft:dirt":4,"minecraft:cobblestone":20,"minecraft:deepslate_gold_ore":1,"minecraft:stone":59,"minecraft:gold_ore":3,"minecraft:diorite":3,"minecraft:wall_torch":2},"minecraft:picked_up":{"minecraft:crafting_table":2,"minecraft:cocoa_beans":6,"minecraft:stick":2,"minecraft:raw_iron":31,"minecraft:chicken":5,"minecraft:feather":3,"minecraft:andesite":1,"minecraft:jungle_log":17,"minecraft:torch":3,"minecraft:diorite":3,"minecraft:spider_eye":1,"minecraft:string":2,"minecraft:dirt":8,"minecraft:arrow":2,"minecraft:bone":2,"minecraft:rotten_flesh":7,"minecraft:raw_gold":4,"minecraft:stone_pickaxe":1,"minecraft:gray_wool":1,"minecraft:furnace":1,"minecraft:mutton":12,"minecraft:coal":58,"minecraft:white_wool":7,"minecraft:cobblestone":77,"minecraft:egg":4}},"DataVersion":3953}