{"stats":{"minecraft:custom":{"minecraft:time_since_rest":18680,"minecraft:interact_with_furnace":3,"minecraft:sprint_one_cm":25704,"minecraft:damage_taken":20,"minecraft:walk_one_cm":22613,"minecraft:mob_kills":2,"minecraft:damage_dealt":80,"minecraft:interact_with_crafting_table":4,"minecraft:fly_one_cm":25294,"minecraft:crouch_one_cm":694,"minecraft:play_time":18680,"minecraft:sneak_time":359,"minecraft:jump":185,"minecraft:leave_game":4,"minecraft:time_since_death":18680,"minecraft:climb_one_cm":246,"minecraft:total_world_time":18680,"minecraft:fall_one_cm":2392},"minecraft:broken":{"minecraft:wooden_pickaxe":1},"minecraft:crafted":{"minecraft:crafting_table":1,"minecraft:stick":12,"minecraft:wooden_pickaxe":1,"minecraft:stone_pickaxe":1,"minecraft:furnace":1,"minecraft:torch":32,"minecraft:stone_axe":1,"minecraft:jungle_planks":48},"minecraft:used":{"minecraft:diorite":3,"minecraft:stone_pickaxe":10,"minecraft:jungle_log":5,"minecraft:wooden_pickaxe":62,"minecraft:stone_axe":2,"minecraft:torch":24,"minecraft:dirt":4,"minecraft:cobblestone":4,"minecraft:crafting_table":2,"minecraft:furnace":1},"minecraft:killed":{"minecraft:chicken":2},"minecraft:mined":{"minecraft:iron_ore":6,"minecraft:torch":1,"minecraft:crafting_table":1,"minecraft:grass_block":4,"minecraft:coal_ore":32,"minecraft:jungle_log":17,"minecraft:dirt":4,"minecraft:stone":28,"minecraft:diorite":3,"minecraft:wall_torch":2},"minecraft:picked_up":{"minecraft:crafting_table":1,"minecraft:cocoa_beans":6,"minecraft:stick":2,"minecraft:raw_iron":6,"minecraft:chicken":2,"minecraft:feather":1,"minecraft:jungle_log":17,"minecraft:torch":3,"minecraft:diorite":3,"minecraft:dirt":8,"minecraft:coal":32,"minecraft:cobblestone":28,"minecraft:egg":1}},"DataVersion":3953}